ANGLICAN HIGH SCHOOL,EAST 4,600 UPPER CHANGI ROAD,487012,1.3300645,103.941757665701
BEDOK NORTH SECONDARY SCHOOL,EAST 4,20 JALAN DAMAI,419612,1.33481335,103.910219989765
CHANGKAT CHANGI SECONDARY SCHOOL,EAST 4,23 SIMEI ST 3,529894,1.3404936,103.952981211205
CHANGKAT PRIMARY SCHOOL,EAST 4,11 SIMEI ST 3,529896,1.33982335,103.952275310926
CHUNG CHENG HIGH SCHOOL (MAIN),EAST 4,50 GOODMAN ROAD,439012,1.30536395,103.891751064879
